ISO_3 country name,Country name,Income group,WHO Region,Year reported fatalities,Reported fatalities gender distribution  (% Males),Reported fatalities gender distribution  (%Females),Reported fatalities user distribution  (% powered light vehicles),Reported fatalities user distribution  (% powered 2/ wheelers),Reported fatalities user distribution  (% pedestrian),Reported fatalities user distribution  (% cyclist),Reported fatalities user distribution  (% other),WHO-estimated rate per 100 000 population,Total paved kilometres (year),Year total paved kilometres,Total registered vehicles ,Total registered vehicles rate per 100 000 pop,Cars and 4-wheeled light vehicles ,Powered 2- and 3-wheelers ,Heavy trucks ,Buses ,Year total registered vehicles,Year by fatality reduction target ,Adherence to one or more of the 7 UN road safety conventions,Legislation setting appropriate urban speed limits for passenger cars and motorcycles,Legislation on drink driving,Legislation requiring adult motorcycle riders to wear a helmet properly fastened that meets appropriate standards,Legislation on the use of seat belts for all motor vehicle occupants (UNVTI 8a),Legislation requiring the use of child safety restraint systems that meet appropriate standards,2010 WHO-estimated rate per 100 000 population (update),2016 WHO-estimated rate per 100 000 population (update)
ALB,Albania,Upper middle income,European Region,2021,78.7,21.3,57.4,5.6,19.3,6.6,11.1,10.8,9.719985298994011,2021.0,13.51531046095352,25945.50759972116,13.29342342746292,10.709717852539962,9.880372445030076,8.971575439759016,2021.0,2030.0,6,3,2,2,3,2,13.3,12.8
DZA,Algeria,Lower middle income,African Region,2021,79.0,20.74,0.0,0.0,25.0,0.0,75.0,18.3,9.719985298994011,2021.0,15.981131630745864,19738.37910022527,15.507995767461438,12.82661149813849,13.14283636819198,11.741319209866566,2021.0,2030.0,1,3,3,2,3,1,22.4,21.2
ATG,Antigua and Barbuda,High income,Region of the Americas,2021,86.0,14.0,57.0,0.0,43.0,0.0,0.0,7.5,9.719985298994011,2021.0,10.751991827769352,50120.68355163647,10.533188948038239,6.778784897685177,8.118207049405783,7.3796321526095525,2021.0,2030.0,0,2,1,1,1,1,5.8,8.8
ARG,Argentina,Upper middle income,Region of the Americas,2021,79.0,20.0,31.6,46.3,10.9,3.4,7.799999999999999,8.8,10.601348605322293,2019.0,17.089370127125076,58336.9334126676,16.634192775914983,16.032718138484828,12.407861806185963,12.354311599776969,2021.0,2030.0,1,1,2,3,3,3,12.8,13.2
ARM,Armenia,Upper middle income,European Region,2021,75.5,24.5,68.19999999999999,0.0,31.8,0.0,0.0,13.6,9.719985298994011,2021.0,14.679231180669698,30510.00001841328,14.328842438443496,12.406541047805165,11.469882255377264,9.864018808625762,2021.0,2030.0,4,1,2,2,3,1,16.1,17.5
AUS,Australia,High income,Western Pacific Region,2021,74.0,26.0,0.0,17.0,12.0,4.0,67.0,4.5,12.851042723959747,2015.0,16.818364561689393,77708.70274778965,16.72077820802118,13.725371385427183,13.403392367100976,11.483094925811551,2021.0,2030.0,3,3,3,3,3,2,6.6,5.5
AUT,Austria,High income,European Region,2021,79.0,20.74,44.75,24.31,10.22,13.81,6.91,4.6,7.718685495198466,2021.0,14.679231180669698,30510.00001841328,15.457673904051653,13.684314721518124,10.908649597312916,9.2239473753824,2021.0,2030.0,6,3,3,2,3,3,6.8,5.1
AZE,Azerbaijan,Upper middle income,European Region,2021,79.0,21.0,51.8,0.9,42.0,0.9,4.4,17.2,9.842515995544645,2021.0,14.280367842465404,15434.76422749092,14.124142393617827,8.572627898304338,11.990897263865142,10.335789314597852,2021.0,2030.0,5,1,1,2,1,1,24.3,21.0
BHS,Bahamas,High income,Region of the Americas,2021,79.0,20.74,0.0,0.0,28.0,0.0,72.0,16.2,9.719985298994011,2021.0,14.679231180669698,30510.00001841328,14.328842438443496,12.406541047805165,11.469882255377264,9.864018808625762,2021.0,2030.0,1,3,1,2,3,1,12.1,13.4
BHR,Bahrain,High income,Eastern Mediterranean Region,2021,92.0,8.0,24.19,16.13,22.58,12.9,24.2,8.1,9.105535257610056,2022.0,13.511036282339118,50401.67023744844,13.349294945116752,10.06296686708145,10.028533041510352,9.563529246630083,2021.0,2030.0,2,1,1,1,2,1,14.2,6.7
BGD,Bangladesh,Lower middle income,South-East Asia Region,2021,79.0,20.74,41.5,10.8,32.2,1.8,13.7,18.6,11.924750307030974,2021.0,15.427726408353388,2960.56860635159,13.55128195670043,15.156401351417811,12.181241898399666,11.250313169745652,2021.0,2030.0,1,1,2,3,3,1,17.3,15.6
BRB,Barbados,High income,Region of the Americas,2021,93.75,6.25,33.3,33.3,22.2,0.0,11.2,10.0,9.719985298994011,2021.0,11.788403368583102,46840.32716927454,14.328842438443496,12.406541047805165,11.469882255377264,9.864018808625762,2021.0,2030.0,1,1,2,2,3,2,9.1,5.7
BLR,Belarus,Upper middle income,European Region,2021,61.6,38.4,48.5,0.0,41.3,9.2,1.0,7.4,9.719985298994011,2021.0,14.679231180669698,30510.00001841328,14.328842438443496,12.406541047805165,11.469882255377264,9.864018808625762,2021.0,2030.0,6,1,2,3,3,2,16.7,10.4
BEL,Belgium,High income,European Region,2021,73.44,24.42,47.089999999999996,15.12,14.53,16.86,6.4,4.6,11.580107364303212,2014.0,15.863386997377969,66756.88819773018,15.595182769737004,13.1718180826222,11.901142679668839,9.718903438087914,2021.0,2030.0,6,3,2,2,3,3,8.1,6.1
BLZ,Belize,Upper middle income,Region of the Americas,2021,79.0,20.74,18.8,19.8,24.8,11.9,24.7,17.5,9.719985298994011,2021.0,14.679231180669698,30510.00001841328,14.328842438443496,12.406541047805165,11.469882255377264,9.864018808625762,2021.0,2030.0,0,2,2,1,2,1,14.0,25.9
BEN,Benin,Lower middle income,African Region,2021,81.7,17.8,0.0,0.0,18.0,0.0,82.0,24.8,9.130214327496898,2001.0,14.679231180669698,30510.00001841328,14.328842438443496,12.406541047805165,11.469882255377264,9.864018808625762,2021.0,2030.0,3,1,1,2,1,1,16.1,19.2
BTN,Bhutan,Lower middle income,South-East Asia Region,2021,21.2,78.8,94.9,1.7,3.4,0.0,0.0,12.2,2.995732273553991,2020.0,11.69221743720382,15387.54395577541,14.328842438443496,12.406541047805165,11.469882255377264,9.864018808625762,2021.0,2020.0,0,2,2,3,3,1,17.7,18.8
BOL,Bolivia (Plurinational State of),Lower middle income,Region of the Americas,2021,77.0,23.0,60.8,19.7,2.5,0.0,17.0,17.6,11.95966046727661,2021.0,14.616014610136776,18433.43815027677,13.966846136251618,13.396533067423187,12.022708545476803,11.934782160629378,2021.0,2030.0,0,3,2,2,1,1,18.6,17.0
BIH,Bosnia and Herzegovina,Upper middle income,European Region,2021,79.0,20.74,52.6,9.1,27.3,11.0,0.0,13.7,8.286521373681236,2015.0,13.957655745110708,35241.91647485144,13.800468998774774,9.855084813307961,11.469882255377264,8.28045768658256,2021.0,2022.0,4,2,3,2,3,2,17.0,14.6
BWA,Botswana,Upper middle income,African Region,2021,71.2,28.8,63.1,0.0,24.7,2.0,10.2,16.5,9.071882578828616,2023.0,13.726385311963362,35339.2780082699,13.68380150387179,8.542665987389269,10.821516772364003,10.423738616949274,2021.0,2030.0,1,1,2,3,3,2,19.0,19.7
BRA,Brazil,Upper middle income,Region of the Americas,2021,83.1,16.8,22.299999999999997,35.3,14.6,4.0,23.8,15.7,14.392257059472533,2021.0,18.529058542031912,51998.70946263071,18.10780752899816,17.225073550126798,15.135671259723143,13.910056809686195,2021.0,2028.0,1,1,3,3,3,3,22.3,18.7
VGB,British Virgin Islands,High income,Region of the Americas,2021,100.0,20.74,0.0,100.0,0.0,0.0,0.0,12.55,4.189654742026425,2022.0,9.821517989668877,59202.49341301973,14.328842438443496,6.045005314036012,11.469882255377264,9.864018808625762,2021.0,2030.0,0,1,2,1,3,2,16.55,15.2
BGR,Bulgaria,Upper middle income,European Region,2021,74.34,25.66,48.480000000000004,7.66,16.76,2.5,24.6,8.4,9.899780690604802,2021.0,15.08851639297077,51868.13049567607,14.855997494870367,12.270829892745452,13.03584206213302,9.761578306353435,2021.0,2030.0,6,2,2,2,3,3,10.6,10.1
BFA,Burkina Faso,Low income,African Region,2021,79.0,20.74,35.25,15.4,24.0,2.5,7.799999999999999,27.8,9.719985298994011,2021.0,14.679231180669698,30510.00001841328,14.328842438443496,12.406541047805165,11.469882255377264,9.864018808625762,2021.0,2030.0,1,3,3,2,3,2,22.8,22.7
BDI,Burundi,Low income,African Region,2021,76.0,24.0,35.25,15.4,24.0,2.5,7.799999999999999,12.3,8.85552084853691,2018.0,14.679231180669698,30510.00001841328,14.328842438443496,12.406541047805165,11.469882255377264,9.864018808625762,2021.0,2030.0,0,3,2,2,3,1,24.3,18.5
CPV,Cabo Verde,Lower middle income,African Region,2020,79.0,20.74,35.25,15.4,24.0,2.5,7.799999999999999,16.5,9.719985298994011,2021.0,11.302216779257382,13777.26750861079,10.959731512836925,12.406541047805165,11.469882255377264,9.864018808625762,2021.0,2030.0,1,3,2,1,2,1,20.5,23.1
KHM,Cambodia,Lower middle income,Western Pacific Region,2020,80.82,19.01,6.2,73.5,9.6,2.3,8.4,18.8,5.318119993844216,2022.0,15.665012696247882,38318.42899970661,14.328842438443496,12.406541047805165,11.469882255377264,9.864018808625762,2021.0,2030.0,1,2,2,2,2,2,30.4,27.0
CMR,Cameroon,Lower middle income,African Region,2021,79.0,20.74,35.25,15.4,24.0,2.5,7.799999999999999,10.6,8.889170455363413,2020.0,10.360754159207556,116.1602710254355,14.328842438443496,12.406541047805165,11.469882255377264,9.864018808625762,2021.0,2027.0,0,1,2,2,2,1,23.0,20.7
CAN,Canada,High income,Region of the Americas,2021,71.82,27.95,59.5,13.7,16.2,2.9,7.7,4.7,13.02152373827803,2020.0,17.082147484365198,68727.53702711455,16.99759795088358,13.61217085943569,14.085538458535822,9.864018808625762,2021.0,2025.0,2,3,2,3,3,2,7.3,5.4
CAF,Central African Republic,Low income,African Region,2021,70.0,30.0,0.0,48.0,0.0,0.0,52.0,25.9,9.719985298994011,2021.0,14.679231180669698,30510.00001841328,14.328842438443496,12.406541047805165,11.469882255377264,9.864018808625762,2021.0,2030.0,3,1,2,1,2,1,24.2,24.4
TCD,Chad,Low income,African Region,2018,79.0,20.74,35.25,15.4,24.0,2.5,7.799999999999999,26.4,10.214678610538817,2021.0,10.404141620980623,192.0576213609752,11.777533364451408,12.949425654400713,9.939723045118223,9.110961927995904,2021.0,2025.0,0,3,2,1,2,1,27.5,27.1
CHL,Chile,High income,Region of the Americas,2021,78.7,21.3,44.550000000000004,13.21,22.99,4.44,14.809999999999999,10.3,10.591370903420975,2021.0,15.604047172704833,30680.94468302356,15.453135263905068,12.363166133902867,12.269099086550586,12.795030846138493,2021.0,2030.0,2,3,2,3,3,3,12.6,11.4
CHN,China,Upper middle income,Western Pacific Region,2021,67.7,32.3,12.91,25.66,28.9,20.1,12.43,17.4,9.719985298994011,2021.0,19.795064962567178,27720.45806381,19.368368978854253,18.200753277987104,11.469882255377264,14.59689798514418,2021.0,2025.0,1,3,3,2,3,1,20.7,18.3
COL,Colombia,Upper middle income,Region of the Americas,2021,82.5,17.4,7.800000000000001,59.7,21.5,6.5,4.5,16.2,11.023796099285999,2021.0,16.63573711402916,32573.31302504232,15.600181126872554,16.140892809774044,12.896836989388325,12.172169369715075,2021.0,2031.0,0,3,3,2,3,1,14.2,16.3
COM,Comoros,Lower middle income,African Region,2021,86.96,13.04,34.79,0.0,26.08,21.73,17.4,29.0,6.68586094706836,2020.0,14.679231180669698,30510.00001841328,14.328842438443496,12.406541047805165,11.469882255377264,9.864018808625762,2021.0,2030.0,0,1,1,2,3,3,21.0,20.9
COG,Congo,Lower middle income,African Region,2020,79.0,20.74,35.25,15.4,24.0,2.5,7.799999999999999,8.4,8.131824785007195,2022.0,10.135709767783542,432.2796199873676,7.2909747781429814,8.222016437202196,7.168579897264035,9.864018808625762,2021.0,2030.0,1,1,2,1,2,1,19.2,19.7
COK,Cook Islands,,Western Pacific Region,2021,79.0,20.74,20.0,80.0,0.0,0.0,0.0,17.6,4.143134726391533,2021.0,7.163946684342547,7592.777745103806,3.5553480614894135,6.400257445308821,4.605170185988092,9.864018808625762,2021.0,2030.0,0,2,2,2,1,1,11.6,5.7
CRI,Costa Rica,Upper middle income,Region of the Americas,2021,86.1,13.9,24.0,40.0,24.7,10.4,0.9,15.5,9.719985298994011,2021.0,14.78295095391164,51052.0363285918,14.338450506093277,13.536107453419733,10.95047315791545,10.759284903981321,2021.0,2030.0,0,2,3,2,3,2,15.3,20.8
CIV,Côte d'Ivoire,Lower middle income,African Region,2021,79.0,21.0,11.1,35.0,40.2,0.3,13.4,20.6,8.922658299524402,2021.0,14.679231180669698,30510.00001841328,14.328842438443496,12.406541047805165,11.469882255377264,9.864018808625762,2021.0,2030.0,3,1,2,2,2,1,22.2,20.0
HRV,Croatia,High income,European Region,2021,79.1,20.9,44.17,21.92,12.7,9.6,11.61,8.1,10.190656993614896,2022.0,14.706356704587472,60027.31436269976,14.486921713418429,11.906270757260302,10.841011260818291,8.544224530467268,2021.0,2030.0,6,3,3,3,3,2,10.5,8.3
CUB,Cuba,Upper middle income,Region of the Americas,2021,81.0,19.0,15.0,26.9,30.4,12.2,15.5,5.4,9.719985298994011,2021.0,13.405885308455176,5897.974942548096,12.497898620147284,12.453780020654031,11.500063098253284,9.837828403729853,2021.0,2030.0,3,2,3,2,3,1,8.1,8.9
CYP,Cyprus,High income,European Region,2021,80.0,20.0,42.8,30.4,22.1,2.1,2.5999999999999996,3.9,5.60947179518496,2018.0,6.848005274576363,75.63165695216479,6.553933404025811,11.024953365333674,2.995732273553991,1.6094379124341003,2021.0,2030.0,5,1,3,3,3,3,7.2,5.1
CZE,Czechia,High income,European Region,2021,79.0,20.74,53.7,10.3,21.3,8.7,6.0,5.2,11.611222089995339,2021.0,15.621950243588884,57928.6,15.398615172619836,14.0126345166394,6.597145701886651,2.995732273553991,2021.0,2030.0,6,3,2,3,3,3,7.9,6.0
COD,Democratic Republic of the Congo,Low income,African Region,2021,84.55,15.45,36.1,11.7,51.9,0.0,0.3,16.3,9.719985298994011,2021.0,14.679231180669698,30510.00001841328,14.328842438443496,12.406541047805165,11.469882255377264,9.864018808625762,2021.0,2030.0,3,1,1,2,2,1,26.5,22.2
DNK,Denmark,High income,European Region,2021,72.0,28.0,49.300000000000004,13.1,14.6,16.9,6.1,2.3,11.215879689565481,2021.0,14.679231180669698,30510.00001841328,14.328842438443496,12.406541047805165,11.469882255377264,9.864018808625762,2021.0,2030.0,6,3,2,3,3,3,4.9,3.8
DMA,Dominica,Upper middle income,Region of the Americas,2021,88.0,12.0,17.0,0.0,17.0,0.0,66.0,11.0,6.80903930604298,2021.0,10.581241868488592,54394.29928741093,14.328842438443496,12.406541047805165,11.469882255377264,9.864018808625762,2021.0,2030.0,0,1,2,1,3,1,10.2,7.1
DOM,Dominican Republic,Upper middle income,Region of the Americas,2021,87.0,12.0,10.0,71.0,12.0,1.0,6.0,27.4,8.62998601889136,2019.0,15.45498269359005,46343.82853626768,14.336358193182635,14.871420961223984,10.961659718206215,10.781972569674384,2021.0,2030.0,1,1,3,2,3,2,22.4,30.4
ECU,Ecuador,Upper middle income,Region of the Americas,2021,68.61,12.48,2.0,17.0,9.0,1.0,71.0,23.4,9.719985298994011,2021.0,14.746041021904063,14248.17660807101,14.321269769108982,13.490309363830958,11.754168232815609,10.00757726106051,2021.0,2030.0,1,1,2,3,3,1,22.7,17.3
EGY,Egypt,Lower middle income,Eastern Mediterranean Region,2021,82.6,17.4,37.7,4.7,25.0,2.2,30.4,9.4,11.738569886500002,2021.0,16.205140585718215,9984.65910134063,15.49892116197352,15.085168007626445,14.11834180009484,12.100762128622389,2021.0,2030.0,2,1,1,2,2,1,14.5,11.9
SLV,El Salvador,Lower middle income,Region of the Americas,2021,85.0,15.0,13.8,32.5,34.6,2.9,16.200000000000003,21.5,8.252967195000798,2021.0,14.206141515428948,23406.28621320912,13.714225061459587,12.976687683217767,11.48368201300056,10.310218525765526,2021.0,2030.0,0,2,2,2,2,1,19.0,19.4
ERI,Eritrea,Low income,African Region,2021,86.0,14.0,51.0,2.0,25.0,21.0,1.0,17.7,9.719985298994011,2021.0,11.206182889779704,2032.504380837894,10.567489095490265,6.893656354602635,9.355479137642421,8.48446336679332,2021.0,2030.0,0,1,2,2,3,1,22.5,19.2
EST,Estonia,High income,European Region,2021,71.0,25.5,45.0,5.0,24.0,13.0,13.0,4.4,9.719985298994011,2021.0,14.679231180669698,30510.00001841328,14.328842438443496,12.406541047805165,11.469882255377264,9.864018808625762,2021.0,2025.0,6,3,3,3,3,1,6.5,5.5
SWZ,Eswatini,Lower middle income,African Region,2021,85.0,15.0,53.7,0.5,43.8,2.0,0.0,24.7,8.215276958936633,2021.0,9.69467827290507,1361.267698367234,9.436918020024674,12.406541047805165,6.628041376179533,5.147494476813453,2021.0,2030.0,0,1,2,3,2,1,20.4,20.1
ETH,Ethiopia,Low income,African Region,2021,78.5,21.5,0.0,0.0,36.7,0.0,63.3,17.7,10.321408101911638,2020.0,14.679231180669698,30510.00001841328,14.328842438443496,12.406541047805165,11.469882255377264,9.864018808625762,2021.0,2030.0,1,1,2,2,3,1,20.6,20.1
FIN,Finland,High income,European Region,2021,75.0,25.0,60.0,14.0,11.0,11.0,4.0,4.2,10.832576042640143,2021.0,15.219785053314961,73565.31584583214,14.960369461260264,12.448112531228238,11.469882255377264,9.262078567380597,2021.0,2030.0,7,3,2,2,3,3,5.2,4.8
FRA,France,High income,European Region,2021,75.8,24.2,52.0,22.7,14.1,7.7,3.5,4.7,13.909455260474116,2021.0,17.67741328601449,73693.91889014601,17.449922764974936,14.917450968950916,13.297997623898429,11.440365524765756,2021.0,2030.0,7,3,3,3,3,3,6.6,5.6
GAB,Gabon,Upper middle income,African Region,2021,77.53,22.47,35.25,15.4,24.0,2.5,7.799999999999999,12.5,7.639642287858013,2021.0,8.916237731721479,318.25845012278,8.669399124305569,6.822197390620491,6.297109319933935,5.147494476813453,2021.0,2023.0,0,1,2,1,2,1,19.1,16.9
GMB,Gambia,Low income,African Region,2021,78.0,22.0,35.25,15.4,24.0,2.5,7.799999999999999,22.0,9.719985298994011,2021.0,11.461242621033893,3597.159909633488,14.328842438443496,12.406541047805165,7.9724660159745655,9.312896960301275,2021.0,2030.0,0,1,1,2,2,2,15.8,18.0
GEO,Georgia,Upper middle income,European Region,2021,77.0,23.0,44.9,0.5,26.5,0.7,27.4,12.7,8.849513965486398,2022.0,0.6931471805599453,0.02661004050048164,0.6931471805599453,9.74700916569969,4.672828834461906,4.007333185232471,2021.0,2025.0,6,1,2,2,3,1,18.4,16.5
DEU,Germany,High income,European Region,2021,77.44,22.44,46.13,20.65,13.39,14.52,5.3100000000000005,3.3,12.344102654191003,2021.0,17.893388486271483,70760.23761303906,17.74987130789513,15.331911923929773,13.52337324230557,11.232536731345913,2021.0,2030.0,6,3,3,1,3,3,4.7,4.0
GHA,Ghana,Lower middle income,African Region,2020,82.67,17.33,14.1,32.8,31.2,1.8,20.099999999999998,25.9,9.719985298994011,2021.0,15.013731652877238,10094.14878571522,14.328842438443496,12.406541047805165,11.469882255377264,9.864018808625762,2021.0,2030.0,1,2,2,3,3,1,21.5,20.2
GRC,Greece,High income,European Region,2020,86.6,13.4,35.0,36.8,13.0,2.1,13.100000000000001,7.3,9.719985298994011,2021.0,15.995340725918402,84676.82077170114,15.575589799651851,14.338085289852748,14.058081764320569,10.519996639806674,2021.0,2030.0,6,3,3,3,3,3,12.8,9.5
GTM,Guatemala,Upper middle income,Region of the Americas,2021,87.05,12.6,12.0,48.0,30.0,0.4,9.6,12.6,8.943506132037239,2018.0,15.31354640796106,25401.92701438279,14.579061214640491,14.489414264872499,12.307477849244666,11.673197371802424,2021.0,2030.0,1,1,1,2,2,1,13.5,13.0
GIN,Guinea,Low income,African Region,2021,29.0,54.0,35.25,15.4,24.0,2.5,7.799999999999999,37.4,10.698762529141884,2018.0,14.679231180669698,30510.00001841328,14.328842438443496,12.406541047805165,11.469882255377264,9.864018808625762,2021.0,2030.0,0,1,2,2,2,1,24.9,25.9
GNB,Guinea-Bissau,Low income,African Region,2021,79.0,20.74,35.25,15.4,24.0,2.5,7.799999999999999,30.5,9.719985298994011,2021.0,14.679231180669698,30510.00001841328,14.328842438443496,12.406541047805165,11.469882255377264,9.864018808625762,2021.0,2030.0,0,2,2,3,2,2,30.6,30.9
GUY,Guyana,Upper middle income,Region of the Americas,2021,77.8,22.2,13.3,26.3,28.3,17.1,15.0,15.2,9.719985298994011,2021.0,14.679231180669698,30510.00001841328,14.328842438443496,12.406541047805165,11.469882255377264,9.864018808625762,2021.0,2030.0,2,1,2,2,2,1,15.4,17.7
HTI,Haiti,Lower middle income,Region of the Americas,2021,79.1,20.8,35.25,15.4,24.0,2.5,7.799999999999999,31.3,9.719985298994011,2021.0,14.679231180669698,30510.00001841328,14.328842438443496,12.406541047805165,11.469882255377264,9.864018808625762,2021.0,2030.0,1,2,1,2,3,1,22.4,22.3
HND,Honduras,Lower middle income,Region of the Americas,2021,86.23,13.71,0.0,0.0,33.73,5.97,60.3,18.5,9.719985298994011,2021.0,14.626434996386134,21890.54755410526,14.328842438443496,13.875215227342432,11.469882255377264,9.864018808625762,2021.0,2030.0,1,1,2,2,3,1,16.7,18.2
HUN,Hungary,High income,European Region,2021,75.0,25.0,44.3,10.5,25.0,12.0,8.2,7.4,17.35492184382884,2022.0,15.401802456207891,50316.2273607266,15.323978524290544,12.218603801602928,11.834813292823045,9.784704016546161,2021.0,2030.0,7,3,3,3,3,3,9.1,8.2
ISL,Iceland,High income,European Region,2021,77.8,22.2,44.4,0.0,22.2,11.1,22.3,2.4,9.719985298994011,2021.0,12.808189474740448,98612.06745244171,12.52750375802833,9.703572127341126,9.490317840042412,7.99699040583765,2021.0,2037.0,2,2,3,2,3,3,2.5,6.6
IND,India,Lower middle income,South-East Asia Region,2021,86.4,13.6,12.9,45.1,18.9,3.1,20.0,15.4,15.22545479308962,2019.0,19.603327764628215,23181.89699561776,17.59171386315939,12.406541047805165,16.474930652087217,14.602148536984862,2021.0,2030.0,3,1,2,3,3,2,17.1,15.2
IDN,Indonesia,Lower middle income,South-East Asia Region,2021,78.53,21.31,2.22,79.75,0.0,0.0,18.03,11.3,9.719985298994011,2021.0,18.806693230705125,53738.29706335733,16.795480709376022,18.61626728059072,15.524900225044682,12.26313799948463,2021.0,2040.0,0,3,1,2,2,1,13.2,12.3
IRN,Iran (Islamic Republic of),Lower middle income,Eastern Mediterranean Region,2021,80.3,19.7,49.2,22.0,19.8,0.6,8.4,20.6,12.197501013834398,2021.0,17.420115423029333,41817.23934525213,14.328842438443496,12.406541047805165,11.469882255377264,9.864018808625762,2021.0,2030.0,2,1,1,2,3,1,33.3,19.8
IRQ,Iraq,Upper middle income,Eastern Mediterranean Region,2021,65.0,20.0,64.8,0.0,28.0,0.6,6.6,21.5,10.900454637442037,2020.0,15.797890524542016,16676.77686693072,14.328842438443496,12.406541047805165,11.469882255377264,12.517882536960096,2021.0,2030.0,2,1,1,1,1,1,18.4,21.1
IRL,Ireland,High income,European Region,2021,73.0,27.0,62.2,11.7,18.6,5.3,2.2,2.8,7.1929342212158,2021.0,14.862135978444789,57114.3718091513,14.328842438443496,12.406541047805165,11.469882255377264,9.864018808625762,2021.0,2030.0,3,3,3,2,3,3,4.8,4.0
ISR,Israel,High income,European Region,2021,77.0,22.0,36.8,23.6,26.9,6.3,6.4,4.2,9.074291527512907,2021.0,15.161010267940076,43146.94992471398,15.019611954021938,11.959909924388871,11.676624697636088,10.543365804216734,2021.0,2027.0,2,2,3,3,3,2,5.0,4.8
ITA,Italy,High income,European Region,2021,83.3,16.7,41.4,26.8,16.4,7.6,7.800000000000001,5.0,9.719985298994011,2021.0,17.829685972575202,93479.58212723632,17.499948262095874,16.154653591307444,13.502758168267365,11.511764791649476,2021.0,2030.0,7,3,3,3,3,3,7.1,5.6
JAM,Jamaica,Upper middle income,Region of the Americas,2021,89.0,11.0,0.0,36.94,19.71,5.95,37.4,17.8,6.22455842927536,2016.0,13.571299129262462,27701.75001193552,14.328842438443496,9.990169708671852,11.469882255377264,9.864018808625762,2021.0,2030.0,1,1,2,3,3,1,12.0,14.0
JPN,Japan,High income,Western Pacific Region,2021,67.5,32.5,27.36,11.62,35.41,16.41,9.200000000000001,2.7,13.827254329146443,2019.0,18.224361008211016,65944.36691077534,14.328842438443496,12.406541047805165,11.469882255377264,9.864018808625762,2021.0,2025.0,3,1,2,2,3,2,5.2,3.8
JOR,Jordan,Upper middle income,Eastern Mediterranean Region,2021,77.4,22.6,71.3,0.0,28.7,0.0,0.0,13.6,9.19136140537838,2021.0,14.376328480189501,15716.36444659884,14.297965101867163,9.529303064460995,11.314084206178984,10.188290484237065,2021.0,2023.0,1,1,2,2,2,1,12.4,15.3
KAZ,Kazakhstan,Upper middle income,European Region,2021,79.0,20.74,63.9,1.0,27.3,0.0,7.8,12.2,9.719985298994011,2021.0,15.283071492912512,22601.23934276441,14.328842438443496,12.406541047805165,11.469882255377264,9.864018808625762,2021.0,2030.0,6,1,2,1,3,1,24.5,16.1
KEN,Kenya,Lower middle income,African Region,2021,84.6,14.9,26.49,37.6,34.0,1.89,7.799999999999999,28.2,9.740144754339955,2018.0,15.256377617842325,7969.638838633206,11.174160602289131,12.599293092821899,9.27995971385624,8.754476306284166,2021.0,2030.0,1,2,2,3,3,1,23.9,23.3
KIR,Kiribati,Lower middle income,Western Pacific Region,2021,79.0,20.74,40.0,20.0,40.0,0.0,0.0,6.2,3.784189633918261,2010.0,14.679231180669698,30510.00001841328,14.328842438443496,12.406541047805165,11.469882255377264,9.864018808625762,2021.0,2023.0,0,2,3,2,3,1,5.6,1.7
KWT,Kuwait,High income,Eastern Mediterranean Region,2021,91.3,8.6,35.25,15.4,24.0,2.5,7.799999999999999,9.2,7.335633981927201,2022.0,14.678588681060623,55773.68042363099,13.780986398715612,10.572777396565506,11.644409763727124,10.622911456174293,2021.0,2030.0,2,2,1,2,2,1,13.3,12.6
KGZ,Kyrgyzstan,Lower middle income,European Region,2021,71.7,28.3,27.6,2.1,40.0,0.2,30.1,13.3,9.719985298994011,2021.0,14.149453169207925,21392.72333484943,13.9139485682754,9.095153962167066,12.365854582879795,10.808858884161006,2021.0,2030.0,3,1,1,2,1,1,16.8,17.8
LAO,Lao People's Democratic Republic,Lower middle income,Western Pacific Region,2021,77.0,23.0,18.7,66.9,9.6,2.7,2.1,16.4,8.92665032079394,2021.0,14.679231180669698,30510.00001841328,14.328842438443496,12.406541047805165,11.469882255377264,9.864018808625762,2021.0,2030.0,1,2,2,2,2,1,27.0,23.8
LVA,Latvia,High income,European Region,2021,74.8,24.5,48.300000000000004,9.5,29.3,8.8,4.1,9.8,9.719985298994011,2021.0,13.830872949832466,54190.1757760074,13.539347222736813,10.400619849170116,11.459651262510734,8.292298107063221,2021.0,2027.0,5,2,3,2,3,2,11.6,9.8
LBN,Lebanon,Lower middle income,Eastern Mediterranean Region,2021,79.9,20.1,24.3,22.8,38.6,0.0,14.3,9.7,9.719985298994011,2021.0,14.746065076627376,45343.84621477799,14.706311979969044,12.224526324188421,10.953557146411734,9.864018808625762,2021.0,2030.0,1,3,3,3,3,2,21.2,17.7
LSO,Lesotho,Lower middle income,African Region,2021,79.0,20.74,54.0,0.0,39.0,0.0,7.0,21.6,9.719985298994011,2021.0,12.279666914332347,9435.780866061732,14.328842438443496,12.406541047805165,11.469882255377264,9.864018808625762,2021.0,2030.0,1,2,2,1,2,1,31.9,28.7
LBR,Liberia,Low income,African Region,2021,81.9,18.1,33.7,0.0,66.3,0.0,0.0,15.3,6.55250788703459,2021.0,10.989352268381735,1140.655784169803,10.630987849467736,9.13216259091216,7.766840537085513,7.461640392208575,2021.0,2030.0,2,2,1,1,1,1,23.2,22.0
LBY,Libya,Upper middle income,Eastern Mediterranean Region,2021,79.0,20.74,75.0,1.9,20.8,2.3,0.0,34.0,11.149139583853552,2015.0,12.605455963655752,4427.14,14.328842438443496,6.736966958001855,10.097902357017466,8.421562960400987,2021.0,2030.0,0,2,1,1,3,1,39.7,39.6
LTU,Lithuania,High income,European Region,2021,79.0,20.74,46.4,5.7,38.0,8.9,1.0,6.3,17.13509147480203,2021.0,14.435807974494576,66728.12634233708,14.328842438443496,12.406541047805165,11.469882255377264,9.864018808625762,2021.0,2030.0,7,2,3,2,3,3,11.6,7.8
LUX,Luxembourg,High income,European Region,2021,79.0,20.74,52.9,15.4,47.1,2.5,0.0,3.9,9.719985298994011,2021.0,13.288287901276917,92323.10529452341,12.99440272506731,11.141876276228,8.67846133901236,7.779048644925556,2021.0,2030.0,7,3,3,3,3,3,6.5,6.3
MDG,Madagascar,Low income,African Region,2021,79.0,20.74,31.1,3.2,49.6,16.0,0.1,22.5,9.719985298994011,2021.0,13.303035240868871,2071.576941388804,11.873874262969865,10.5774519136793,11.02111784704,9.864018808625762,2021.0,2030.0,1,3,2,3,2,1,26.2,29.7
MWI,Malawi,Low income,African Region,2021,86.9,13.1,35.25,15.4,24.0,2.5,7.799999999999999,20.2,9.645493723786172,2020.0,14.679231180669698,30510.00001841328,14.328842438443496,12.406541047805165,11.469882255377264,9.864018808625762,2021.0,2030.0,1,2,2,2,2,1,16.6,17.5
MYS,Malaysia,Upper middle income,Western Pacific Region,2021,85.2,14.8,19.5,62.7,5.9,1.4,10.5,13.9,7.716015266642587,2021.0,14.679231180669698,30510.00001841328,14.328842438443496,12.406541047805165,11.469882255377264,9.864018808625762,2021.0,2030.0,3,1,2,3,2,2,24.7,23.4
MDV,Maldives,Upper middle income,South-East Asia Region,2021,60.0,40.0,0.0,75.0,25.0,0.0,0.0,1.3,9.719985298994011,2021.0,11.453292226570818,18066.68622724405,9.398561160701128,11.316192561772942,11.469882255377264,9.864018808625762,2021.0,2030.0,2,3,1,1,3,1,3.6,1.5
MLI,Mali,Low income,African Region,2021,79.0,20.74,27.9,42.3,11.5,2.4,15.9,20.2,9.719985298994011,2021.0,14.679231180669698,30510.00001841328,14.328842438443496,12.406541047805165,11.469882255377264,9.864018808625762,2021.0,2030.0,1,3,2,1,1,1,22.3,19.9
MLT,Malta,High income,European Region,2021,67.0,33.0,33.3,22.2,44.4,0.0,0.1,1.9,7.132497551660044,2021.0,14.679231180669698,30510.00001841328,14.328842438443496,12.406541047805165,11.469882255377264,9.864018808625762,2021.0,2030.0,3,2,3,2,3,1,3.8,4.9
MRT,Mauritania,Lower middle income,African Region,2021,79.0,20.74,35.25,15.4,24.0,2.5,7.799999999999999,9.5,9.719985298994011,2021.0,12.899222326086994,8667.437779714468,14.328842438443496,12.406541047805165,11.469882255377264,9.864018808625762,2021.0,2024.0,0,1,1,2,2,1,22.1,18.4
MUS,Mauritius,Upper middle income,African Region,2021,79.0,20.74,16.7,45.8,30.6,6.9,0.0,9.7,7.949797216161852,2020.0,13.34228414111291,47962.18382265198,5.976350909297934,12.34393713670893,9.95151552154671,8.05579245097777,2021.0,2030.0,0,1,2,2,3,1,12.7,12.7
MEX,Mexico,Upper middle income,Region of the Americas,2021,81.1,18.8,13.9,15.2,17.7,0.6,52.599999999999994,12.0,12.075542459063353,2021.0,17.78797740651643,41920.47523755509,17.383938559988305,15.59709560956693,16.237004008757722,13.022907616540765,2021.0,2024.0,0,3,2,2,1,3,14.7,13.9
MNG,Mongolia,Lower middle income,Western Pacific Region,2021,56.2,43.8,65.5,0.0,33.7,0.8,0.0,12.4,9.719985298994011,2021.0,14.026340203381201,36881.16490261313,13.904895033593283,11.179939145473837,12.326252805786279,10.436289909105488,2021.0,2023.0,2,1,2,2,3,1,18.7,16.3
MNE,Montenegro,Upper middle income,European Region,2021,81.82,18.18,65.37,18.18,12.73,1.81,1.9100000000000001,9.1,7.656810091480378,2022.0,12.44670241785166,40520.08492352582,12.309391578575735,8.742254901886351,9.851246440690437,7.111512116496157,2021.0,2022.0,5,2,3,3,3,2,15.5,10.6
MAR,Morocco,Lower middle income,Eastern Mediterranean Region,2021,85.75,13.49,25.200000000000003,39.4,24.4,5.1,5.9,18.6,10.920130278336988,2021.0,15.698675776436392,17731.62274064946,14.79499353014651,14.564989394026993,12.233809400501773,9.54574060563606,2021.0,2026.0,4,1,3,3,2,1,24.6,19.7
MOZ,Mozambique,Low income,African Region,2021,53.0,47.0,44.5,15.4,55.5,2.5,0.0,20.1,10.569160756095318,2021.0,13.96883747001658,3634.075454268394,14.328842438443496,12.406541047805165,11.469882255377264,9.864018808625762,2021.0,2030.0,0,1,3,2,3,2,26.0,23.9
MMR,Myanmar,Lower middle income,South-East Asia Region,2019,80.0,20.0,10.600000000000001,47.0,11.7,3.4,27.3,19.3,11.010101079089724,2022.0,15.83871357140317,14057.20694439601,13.298420352618571,15.64697812155609,10.882602837543518,10.281718487690524,2021.0,2030.0,2,2,1,3,3,2,34.4,28.4
NAM,Namibia,Upper middle income,African Region,2021,72.4,26.4,65.3,0.0,32.7,0.9,1.1,22.0,10.94973579833148,2022.0,12.902905525547522,15867.66955806195,12.757019538365675,12.406541047805165,9.898475010712584,8.595264726836392,2021.0,2030.0,1,1,2,2,3,1,26.5,32.7
NPL,Nepal,Lower middle income,South-East Asia Region,2021,82.06,17.94,35.1,34.0,22.7,3.6,4.6,28.2,9.915860688599269,2021.0,15.198616842564428,13275.40689294076,12.750394939018209,14.966280034423216,11.597174697415129,11.464627679562476,2021.0,2030.0,0,2,1,2,2,1,25.0,23.4
NLD,Netherlands (Kingdom of the),High income,European Region,2021,73.4,26.6,32.1,17.4,7.4,35.6,7.5,3.4,7.934155233536322,2021.0,16.792163829342265,112115.0544495802,15.989533946096262,14.99763583360763,11.042793827531794,9.135401285311689,2021.0,2050.0,7,3,3,1,3,3,4.0,3.8
NZL,New Zealand,High income,Western Pacific Region,2021,75.0,25.0,69.6,15.4,7.8,2.2,5.0,6.6,11.084907952391552,2021.0,15.305102884146145,86462.417980528,15.21294389964892,12.406541047805165,11.95679043660627,9.342946336524204,2021.0,2030.0,3,3,3,3,3,2,9.3,7.3
NIC,Nicaragua,Lower middle income,Region of the Americas,2021,88.0,12.0,23.2,26.0,32.8,5.5,12.5,13.6,9.719985298994011,2021.0,14.679231180669698,30510.00001841328,14.328842438443496,12.406541047805165,11.469882255377264,9.864018808625762,2021.0,2025.0,0,2,2,2,1,1,13.1,12.8
NER,Niger,Low income,African Region,2021,79.0,20.74,67.0,0.0,33.0,0.0,0.0,24.9,8.507546814364431,2021.0,14.679231180669698,30510.00001841328,14.328842438443496,12.406541047805165,11.469882255377264,9.864018808625762,2021.0,2030.0,2,3,3,2,3,2,23.4,22.4
NGA,Nigeria,Lower middle income,African Region,2021,19.0,81.0,35.25,15.4,24.0,2.5,7.799999999999999,17.2,11.338583982516495,2019.0,16.536091059264777,7117.63909729838,14.328842438443496,12.406541047805165,11.469882255377264,9.864018808625762,2021.0,2030.0,7,3,3,3,3,2,17.5,16.2
NIU,Niue,,Western Pacific Region,2021,79.0,20.74,100.0,0.0,0.0,0.0,0.0,0.0,9.719985298994011,2021.0,14.679231180669698,30510.00001841328,14.328842438443496,12.406541047805165,11.469882255377264,9.864018808625762,2021.0,2030.0,0,1,0,0,1,0,0.0,0.0
MKD,North Macedonia,Upper middle income,European Region,2021,82.76,17.24,50.019999999999996,10.34,19.82,6.03,13.790000000000001,5.7,8.39185670010494,2021.0,13.21704426833885,26132.51368068729,13.076991464352128,9.666942095531727,10.676554356271946,7.988542982737695,2021.0,2030.0,4,2,3,3,3,2,8.0,8.1
NOR,Norway,High income,European Region,2021,80.0,20.0,52.0,19.0,11.0,4.0,14.0,1.5,7.395721608602045,2021.0,15.576796558437545,107715.9611261922,15.036383251303258,12.81974903817263,11.155278620317539,9.608042089466514,2021.0,2030.0,6,3,3,2,3,3,4.4,2.7
PSE,Palestine,Lower middle income,Eastern Mediterranean Region,2021,72.45,27.55,40.32,1.08,48.92,0.54,9.14,4.7,9.395989718862811,2021.0,12.984445234186328,8485.305622481197,12.817868762892644,8.295049140435111,10.993681170094515,7.904703913873747,2021.0,2030.0,1,2,1,3,3,3,4.3,7.0
OMN,Oman,High income,Eastern Mediterranean Region,2021,87.3,12.7,0.0,0.0,21.4,0.0,78.6,11.0,10.607723030081495,2021.0,14.255484011389393,34347.41645284308,14.114989769719678,8.847647355711887,10.794234809939585,10.549307248688857,2021.0,2030.0,1,1,1,2,3,2,32.1,29.7
PAK,Pakistan,Lower middle income,Eastern Mediterranean Region,2021,79.0,20.74,16.1,38.6,40.9,0.0,4.4,11.9,13.135688206249176,2021.0,17.350689730806295,14823.18288384544,15.32339381437144,17.122151369120605,12.666515086946772,12.023969064977672,2021.0,2030.0,3,1,1,2,1,1,13.4,12.9
PAN,Panama,High income,Region of the Americas,2021,85.0,15.0,32.3,4.4,40.0,5.7,17.6,7.3,9.719985298994011,2021.0,14.679231180669698,30510.00001841328,14.328842438443496,12.406541047805165,11.469882255377264,9.864018808625762,2020.0,2030.0,0,1,2,2,3,1,12.1,13.1
PRY,Paraguay,Upper middle income,Region of the Americas,2020,86.1,13.9,13.5,60.9,16.3,0.6,8.7,21.0,9.719985298994011,2021.0,14.802952523717902,40042.34017159524,13.778972084388073,13.786867226551408,11.354304809671518,9.176886995716963,2021.0,2030.0,1,3,3,3,3,2,21.9,19.4
PER,Peru,Upper middle income,Region of the Americas,2021,76.1,21.6,24.0,33.0,26.0,2.0,15.0,12.7,10.028930068226643,2022.0,15.855219875691482,22803.69448197832,14.638482645609997,15.319953221355908,13.213977644821826,12.545533269613163,2021.0,2026.0,2,3,2,2,3,1,13.1,13.0
PHL,Philippines,Lower middle income,Western Pacific Region,2020,85.0,15.0,0.6799999999999999,14.28,2.93,0.64,81.47,9.7,11.097122100775632,2021.0,2.639057329615259,0.01141549223497143,15.294766206034689,15.903765893794942,13.067414990243618,10.165351691961936,2021.0,2022.0,4,3,2,2,3,3,11.2,13.4
POL,Poland,High income,European Region,2021,76.3,23.6,52.9,12.0,23.5,8.2,3.4,6.5,12.661955164551927,2021.0,17.342760921850132,88833.95219021876,17.06858701644536,14.968931372016225,13.190670413760124,11.748376961818357,2021.0,2030.0,6,3,3,2,3,3,11.7,9.4
PRT,Portugal,High income,European Region,2021,78.8,21.2,36.8,25.3,17.8,6.1,14.0,7.2,10.185164128035993,2021.0,15.813037077783774,71630.00214866654,15.50375983566553,13.163507240119458,11.813037464800539,9.758519582283522,2021.0,2030.0,6,3,3,3,3,3,11.2,7.4
QAT,Qatar,High income,Eastern Mediterranean Region,2021,94.0,6.0,48.3,2.2,32.0,2.8,14.7,7.3,9.331318298529085,2022.0,14.40536563777617,67097.03578742186,14.328842438443496,10.447032028864845,11.469882255377264,9.864018808625762,2021.0,2030.0,1,1,1,2,2,1,16.3,8.4
KOR,Republic of Korea,High income,Western Pacific Region,2021,73.9,26.1,18.5,21.6,34.9,6.0,19.0,6.9,11.508997761632248,2021.0,17.115964120974443,52334.29530258447,16.837086781065803,14.610238218841904,13.61652044952432,13.364528074266797,2021.0,2026.0,3,1,2,2,3,1,14.3,9.8
MDA,Republic of Moldova,Upper middle income,European Region,2021,74.7,24.9,42.79,10.5,33.85,5.83,7.03,9.1,8.765146421639022,2021.0,13.741684238450416,30339.055353803,13.482701404056092,12.406541047805165,12.159248297876704,9.955937677537047,2021.0,2030.0,6,2,2,2,3,1,13.2,10.3
RUS,Russian Federation,Upper middle income,European Region,2021,74.7,25.2,59.400000000000006,6.3,26.2,2.1,6.000000000000001,10.6,14.552230027514993,2021.0,17.91221716170195,41447.79263495032,17.733597242077998,14.661315733422862,14.994364611415817,13.645737142907766,2021.0,2024.0,7,1,2,3,3,2,22.6,15.2
RWA,Rwanda,Low income,African Region,2021,86.2,13.8,14.6,21.0,32.3,23.1,9.0,11.6,7.738923757439457,2021.0,12.50867042370474,2010.661506023524,14.328842438443496,12.406541047805165,11.469882255377264,9.864018808625762,2021.0,2030.0,1,1,2,2,2,1,18.9,15.2
LCA,Saint Lucia,Upper middle income,Region of the Americas,2021,7.1,92.9,46.7,20.0,13.3,13.3,6.7,8.9,9.719985298994011,2021.0,11.227840018365713,41855.5977979527,14.328842438443496,12.406541047805165,11.469882255377264,9.864018808625762,2021.0,2030.0,0,1,2,2,2,1,9.4,9.1
WSM,Samoa,Lower middle income,Western Pacific Region,2021,63.1,31.58,21.05,0.0,63.16,0.0,15.79,9.6,7.113956109566034,2022.0,10.300819677414104,13601.87233731327,14.328842438443496,4.143134726391533,4.394449154672439,6.300785794663244,2021.0,2030.0,0,1,2,2,2,1,11.3,10.2
STP,Sao Tome and Principe,Lower middle income,African Region,2021,79.0,20.74,25.0,32.1,42.9,0.0,0.0,11.7,9.719985298994011,2021.0,14.679231180669698,30510.00001841328,14.328842438443496,12.406541047805165,11.469882255377264,9.864018808625762,2020.0,2030.0,0,2,1,1,2,1,18.7,12.2
SAU,Saudi Arabia,High income,Eastern Mediterranean Region,2021,89.0,11.0,35.25,15.4,24.0,2.5,7.799999999999999,18.5,11.192458458572395,2022.0,16.508182450024282,41087.41667268422,14.328842438443496,11.572975804270962,11.469882255377264,9.864018808625762,2021.0,2030.0,2,1,1,2,3,1,32.2,38.8
SEN,Senegal,Lower middle income,African Region,2021,79.0,20.74,55.4,15.4,44.6,2.5,0.0,20.8,8.734721003944811,2021.0,14.679231180669698,30510.00001841328,14.328842438443496,12.406541047805165,11.469882255377264,9.864018808625762,2021.0,2020.0,3,3,1,1,2,1,21.0,19.1
SRB,Serbia,Upper middle income,European Region,2021,78.0,22.0,44.0,8.8,28.4,9.2,9.6,7.4,9.579418082631959,2022.0,14.679873267738067,32527.98601682471,14.328842438443496,11.34743742614418,11.469882255377264,9.254070134837509,2021.0,2030.0,5,3,3,2,3,1,8.9,8.4
SYC,Seychelles,High income,African Region,2021,85.7,14.2,0.0,42.8,28.6,0.0,28.6,6.6,6.2324480165505225,2010.0,10.257554097558293,26764.0953874764,14.328842438443496,7.291656209174461,11.469882255377264,9.864018808625762,2021.0,2030.0,2,1,2,2,3,1,14.1,11.9
SLE,Sierra Leone,Low income,African Region,2021,40.0,60.0,35.25,15.4,24.0,2.5,7.799999999999999,13.8,9.719985298994011,2021.0,11.008115046859025,716.8219141511911,14.328842438443496,12.406541047805165,11.469882255377264,9.864018808625762,2021.0,2030.0,1,2,2,2,3,1,24.3,20.9
SGP,Singapore,High income,Western Pacific Region,2021,84.1,15.9,17.8,46.7,21.5,10.3,3.6999999999999997,1.9,8.406485069431817,2021.0,13.804202866313604,16642.73715464917,14.328842438443496,11.865200744564273,10.733522985158196,9.789030230558303,2021.0,2030.0,1,1,2,3,3,3,3.9,2.5
SVK,Slovakia,High income,European Region,2021,79.0,20.74,50.2,8.7,29.1,7.6,4.4,6.4,9.806921584559797,2022.0,14.679231180669698,30510.00001841328,14.328842438443496,12.406541047805165,11.469882255377264,9.864018808625762,2021.0,2030.0,7,2,3,2,3,3,9.0,6.2
SVN,Slovenia,High income,European Region,2021,81.6,18.4,43.8,30.7,13.2,8.8,3.5,5.8,9.897570078772091,2021.0,14.318073338269024,77991.09186047061,13.999976480628114,11.825609858145427,11.725283056390554,7.878155336503324,2021.0,2022.0,7,2,3,3,3,2,7.1,6.4
SOM,Somalia,Low income,Eastern Mediterranean Region,2021,79.0,20.74,35.25,15.4,24.0,2.5,7.799999999999999,20.2,7.95892649305011,2019.0,11.786944623452825,770.6916043467843,11.707867053120285,12.406541047805165,9.210440366976517,0.0,2021.0,2030.0,0,3,1,1,1,1,29.7,28.1
ZAF,South Africa,Upper middle income,African Region,2021,76.0,20.0,57.0,0.0,42.0,1.0,0.0,24.5,11.138261106014776,2015.0,15.850487802903814,12883.96441589901,14.7980814184968,12.758899727975022,12.871625068848864,12.933650237894627,2021.0,2030.0,4,1,2,2,3,1,31.2,28.9
SSD,South Sudan,Low income,African Region,2022,79.0,20.74,35.25,15.4,24.0,2.5,7.799999999999999,23.3,7.0909098220799835,2021.0,10.401562227376685,306.1887529455898,14.328842438443496,11.197502137536723,8.928242677818302,9.48774481001683,2021.0,2030.0,0,2,1,1,1,1,30.9,25.8
ESP,Spain,High income,European Region,2021,79.19,20.74,45.269999999999996,25.77,19.63,4.11,5.22,3.5,12.543497999219543,2019.0,17.41376388246246,76935.61186882245,17.204789530042863,15.561972232594883,13.279833684025636,11.073613976078233,2021.0,2030.0,5,3,2,2,3,3,5.5,4.1
LKA,Sri Lanka,Lower middle income,South-East Asia Region,2021,84.47,14.52,14.55,11.58,26.98,42.85,4.04,11.5,9.436439551116026,2022.0,15.935578435024365,38265.43539902582,14.11975324335248,15.609274683192815,12.847484328682064,11.633947693217678,2021.0,2030.0,1,2,2,3,2,1,13.6,14.1
SDN,Sudan,Low income,Eastern Mediterranean Region,2021,80.5,19.5,0.0,0.0,26.7,0.0,73.3,19.6,9.392745258631441,2022.0,14.4400892412635,4090.171798087846,14.328842438443496,10.381614349338879,11.469882255377264,9.864018808625762,2021.0,2030.0,0,3,1,2,2,1,26.4,22.5
SUR,Suriname,Upper middle income,Region of the Americas,2021,70.0,30.0,39.0,0.0,17.0,3.0,41.0,16.2,7.813995675002791,2022.0,12.404993173979497,39807.82564010539,14.328842438443496,10.525648805362787,8.72355674269043,8.181720455128108,2021.0,2030.0,0,2,3,1,3,2,16.5,13.1
SWE,Sweden,High income,European Region,2021,74.0,26.0,56.0,14.0,12.0,10.0,8.0,2.1,11.288543647320601,2022.0,15.700286973484914,62910.28926167399,15.4222951534642,12.936729942391105,11.35691472296607,9.51745735706657,2021.0,2030.0,7,3,3,3,3,3,3.0,3.0
CHE,Switzerland,High income,European Region,2021,77.0,23.0,34.0,25.0,18.5,19.5,3.0,2.4,11.346599297129499,2022.0,15.657972013458352,72624.09557210881,15.459802741426147,13.555280215065775,10.868644636153558,9.494842393421333,2021.0,2030.0,4,2,3,2,3,3,4.3,2.7
SYR,Syrian Arab Republic,Low income,Eastern Mediterranean Region,2021,85.98,14.02,18.8,6.4,64.7,5.9,4.2,29.9,9.100413892597578,2021.0,14.769691502884244,12176.4083313704,14.328842438443496,13.23719628793994,11.469882255377264,9.864018808625762,2021.0,2030.0,1,1,1,1,2,1,17.4,22.5
TJK,Tajikistan,Lower middle income,European Region,2021,79.0,20.74,57.4,15.4,40.3,2.3,0.0,13.9,9.862196698118247,2021.0,13.175587506530174,5408.49783139885,14.328842438443496,8.13505390861157,11.469882255377264,9.864018808625762,2021.0,2030.0,4,1,1,2,2,1,21.8,18.6
THA,Thailand,Upper middle income,South-East Asia Region,2021,72.78,19.02,0.0,51.47,2.09,0.39,46.05,25.4,12.912627046297438,2021.0,17.560627825907087,59096.81028237791,16.702226307465587,16.900366962570406,13.99935844931676,11.855741820757956,2021.0,2027.0,3,1,3,3,3,2,45.8,35.0
TLS,Timor-Leste,Lower middle income,South-East Asia Region,2021,79.0,20.74,35.25,15.4,24.0,2.5,7.799999999999999,12.0,9.719985298994011,2021.0,12.354548683561333,17564.13226318794,8.546751993657782,12.098175582220351,5.123963979403259,6.831953565565855,2021.0,2030.0,0,2,2,3,3,1,18.6,15.9
TGO,Togo,Low income,African Region,2021,79.0,20.74,11.47,59.56,22.65,0.0,6.32,22.7,9.373988663504516,2021.0,11.450464783627623,1086.707440945333,9.919065582499446,11.087726927171675,7.2305631534092925,4.624972813284271,2021.0,2030.0,1,1,2,2,3,1,23.4,20.9
TTO,Trinidad and Tobago,High income,Region of the Americas,2021,15.0,85.0,44.0,11.0,39.0,1.0,5.0,5.0,9.173572647783969,2020.0,13.750055350131142,61392.32582818092,14.328842438443496,12.406541047805165,11.469882255377264,9.864018808625762,2021.0,2030.0,1,2,2,2,2,2,16.6,9.5
TUN,Tunisia,Lower middle income,Eastern Mediterranean Region,2019,84.12,15.88,35.11,32.74,28.11,2.07,1.9699999999999998,16.3,9.719985298994011,2021.0,14.660240409551882,18978.70218135185,14.543128728039395,10.023933705611995,11.109997136514034,10.08334774933398,2021.0,2030.0,7,3,3,2,3,1,21.9,24.4
TUR,Türkiye,Upper middle income,European Region,2021,77.0,23.0,46.7,16.4,22.05,2.5,12.35,6.5,11.08512271914035,2022.0,17.044301861593166,29783.54311351911,16.433349066525622,15.135764203550686,13.69481528586084,13.449779012248966,2021.0,2030.0,5,3,2,2,3,3,7.2,9.3
UGA,Uganda,Low income,African Region,2021,81.0,19.0,14.04,46.11,33.27,4.3,2.28,16.0,8.656259239539235,2022.0,14.145900765055178,3034.668157550725,14.328842438443496,12.406541047805165,11.469882255377264,9.864018808625762,2021.0,2030.0,7,2,2,2,3,1,19.8,15.1
ARE,United Arab Emirates,High income,Eastern Mediterranean Region,2021,91.9,8.1,61.4,8.5,10.0,2.1,18.0,5.9,11.34180494172317,2021.0,15.171662414021268,41443.33056242055,15.160825099610207,11.536544330568862,11.917169828272556,11.592401858472007,2021.0,2021.0,3,1,3,3,3,2,14.2,11.8
GBR,United Kingdom of Great Britain and Northern Ireland,High income,European Region,2021,77.7,22.3,43.9,18.9,22.2,7.0,8.0,2.4,9.719985298994011,2021.0,17.479950459340493,58016.74079379185,17.406906199144085,14.089554046311173,13.131453932815901,11.85421465285983,2021.0,2030.0,5,3,2,3,3,3,3.6,2.8
TZA,United Republic of Tanzania,Lower middle income,African Region,2021,80.77,19.23,50.14,22.08,22.88,4.53,0.37,15.8,9.323043861889268,2021.0,14.986449089591783,5071.711738823036,8.451694209183541,12.26061764738197,8.713746330456916,7.607878073278507,2021.0,2030.0,0,3,2,1,2,1,20.3,19.8
USA,United States of America,High income,Region of the Americas,2020,72.2,27.5,64.35,14.37,16.78,2.41,2.09,14.2,15.322235557855288,2020.0,19.43568084637588,81881.0,19.373552704757977,15.937464983804398,15.80146155080675,13.821959717358453,2020.0,2040.0,2,1,2,1,2,2,11.5,12.5
URY,Uruguay,High income,Region of the Americas,2021,79.0,21.0,27.6,51.6,12.2,6.5,2.1,13.0,9.719985298994011,2021.0,14.788368373321484,77212.26643628914,14.328842438443496,12.406541047805165,11.469882255377264,9.864018808625762,2021.0,2030.0,1,3,3,2,3,3,17.1,13.5
UZB,Uzbekistan,Lower middle income,European Region,2021,99.0,1.0,35.25,15.4,24.0,2.5,7.799999999999999,9.3,9.809012024313242,2022.0,14.679231180669698,30510.00001841328,14.328842438443496,12.406541047805165,11.469882255377264,9.864018808625762,2021.0,2022.0,4,1,1,2,1,1,10.4,9.7
VEN,Venezuela (Bolivarian Republic of),,Region of the Americas,2021,79.0,20.74,2.6,3.9,15.3,0.8,77.4,13.2,9.719985298994011,2021.0,14.679231180669698,30510.00001841328,14.328842438443496,12.406541047805165,11.469882255377264,9.864018808625762,2021.0,2030.0,1,1,1,2,3,1,30.5,22.1
VNM,Viet Nam,Lower middle income,Western Pacific Region,2021,80.4,19.6,35.25,57.44,0.0,2.5,7.31,17.7,9.719985298994011,2021.0,18.13770074606749,77310.97650492142,12.968843831703355,18.065626771243902,11.469882255377264,9.864018808625762,2021.0,2030.0,4,1,3,3,2,1,33.4,26.8
YEM,Yemen,Low income,Eastern Mediterranean Region,2021,86.33,13.67,35.25,15.4,24.0,2.5,7.799999999999999,29.8,9.719985298994011,2021.0,14.679231180669698,30510.00001841328,14.328842438443496,12.406541047805165,11.469882255377264,9.864018808625762,2021.0,2030.0,0,1,1,1,3,1,25.4,28.4
ZMB,Zambia,Low income,African Region,2021,79.0,20.74,35.0,5.0,0.0,12.0,48.0,17.1,9.208638925336425,2015.0,13.709246300721682,4617.574220881343,10.239245248219472,8.098034756176071,8.893298144217916,6.501289670540389,2021.0,2026.0,0,2,1,2,3,1,17.7,14.6
ZWE,Zimbabwe,Lower middle income,African Region,2021,86.4,13.6,26.7,10.2,13.7,12.2,37.2,29.9,12.079868627720504,2017.0,16.56470302229524,97727.08003564444,14.328842438443496,12.406541047805165,11.469882255377264,9.864018808625762,2021.0,2030.0,2,1,2,3,2,1,27.0,23.0
